sat_id,norad_cat_id,transmitter,app_source,decoded,frame,observer,timestamp,version,observation_id,station_id,associated_satellites
IFDT-2351-8184-5400-1710,39090,,sids,,36E70847F5AA6D4931839BCDF5C662479450230E2CAE06C805E910E8C0B9857489AEDEDE7882DB639C3111,VU3IPU-MK82sx,2026-05-06T00:07:21Z,1.0,,,[]
IFDT-2351-8184-5400-1710,39090,,sids,,C2E65CD7504C6666CD34399E1D79D70ABD84B3B20A49B081C6E501A5EC18A186627C39B972F144B5DBA046A05BC834EC6EBA186F,VU3IPU-MK82sx,2026-04-06T12:25:01Z,1.0,,,[]
IFDT-2351-8184-5400-1710,39090,,sids,,140F8E8AB2DC1620902B24C763AD1761,VU3IPU-MK82sx,2026-04-05T23:58:51Z,1.0,,,[]
IFDT-2351-8184-5400-1710,39090,,sids,,8BB4CA4C1D1D4C22EC593719102C9AB07E3188,VU3IPU-MK82sx,2026-03-17T23:44:12Z,1.0,,,[]
IFDT-2351-8184-5400-1710,39090,,sids,,40AB7FB616B2EA1EACD63405C72986DC055656B60C9EF72C,M7RED-KO96ce,2026-03-07T16:59:41Z,1.0,,,[]
IFDT-2351-8184-5400-1710,39090,,sids,,11AB208C472B81BD4595CA3D91E4850973EC593CF16B9FDF765460461CCBC948FE,M7RED-KO96ce,2026-03-04T03:23:28Z,1.0,,,[]
IFDT-2351-8184-5400-1710,39090,,sids,,F9427876B4D121225BF422765280D178C2C0CA9DAA4802F62E63C9D0E55DED0C868C61D113FA159BCC4BEEA936,M7RED-KO96ce,2026-03-03T15:58:45Z,1.0,,,[]
IFDT-2351-8184-5400-1710,39090,,network,,2050372CB89A3CF7564D59D5E15062C76ED7C361441F880D92,IK1OAJ-JN45bc,2026-02-21T03:28:24Z,,13444398,4674,[]
IFDT-2351-8184-5400-1710,39090,,network,,804CED75212397F8E98547DB35B13AEE1CE04D8C27,IK1OAJ-JN45bc,2026-02-21T03:21:40Z,,13444398,4674,[]
IFDT-2351-8184-5400-1710,39090,,network,,8069CFB02DF266B14722E90D18D5D2911715D8AA20,M0KSF-BB-IO91qf,2026-02-19T02:59:38Z,,13423320,2760,[]
IFDT-2351-8184-5400-1710,39090,,network,,D4,M0KSF-BB-IO91qf,2026-02-18T19:02:54Z,,13423319,2760,[]
IFDT-2351-8184-5400-1710,39090,,network,,9AAB,M0KSF-BB-IO91qf,2026-02-18T18:55:43Z,,13423319,2760,[]
IFDT-2351-8184-5400-1710,39090,,network,,00F593,M0KSF-BB-IO91qf,2026-02-18T18:51:40Z,,13423319,2760,[]
IFDT-2351-8184-5400-1710,39090,,network,,AE9F6F4F9D5AE0AC9AEB55C5EA,M0KSF-BB-IO91qf,2026-02-18T05:10:20Z,,13423317,2760,[]
IFDT-2351-8184-5400-1710,39090,,network,,3CD98E62C0DD519A,EA4TA-IN80ck,2026-02-17T19:35:31Z,,13411079,4595,[]
IFDT-2351-8184-5400-1710,39090,,network,,E0584171,M0KSF-BB-IO91qf,2026-02-17T17:47:19Z,,13423314,2760,[]
IFDT-2351-8184-5400-1710,39090,,sids,,1AB3D9009E59C0D9FE7EA822C6DC3B226D389752154CD97A8900AD146C9A,M7RED-KO96ce,2026-02-17T02:31:05Z,1.0,,,[]
IFDT-2351-8184-5400-1710,39090,,network,,70185D1CBC32A20FE98204AADE,EA4TA-IN80ck,2026-02-16T04:42:27Z,,13399386,4595,[]
IFDT-2351-8184-5400-1710,39090,,sids,,8E5DA0C1C4913547724078DE028B738B782AF6AE0F2C2A89A80A6F98DECC287718079736A5AC73730B9637BE5E2453A1E7,YO2CIP-KN05ot,2026-02-16T04:42:17Z,1.0,,,[]
IFDT-2351-8184-5400-1710,39090,,sids,,7819F39516E5A8E5BB02442EEEC4E2F1FEA81AF4DA3B83AF2953,M7RED-KO96ce,2026-02-15T23:47:20Z,1.0,,,[]
IFDT-2351-8184-5400-1710,39090,,network,,B2EF64769EEE79030ED8944BAD466291AC9DB0EBDF36,EA4TA-IN80ck,2026-02-15T19:09:27Z,,13399385,4595,[]
IFDT-2351-8184-5400-1710,39090,,network,,38,EA4TA-IN80ck,2026-02-15T19:06:07Z,,13399385,4595,[]
IFDT-2351-8184-5400-1710,39090,,network,,C0B291579362203D556951E12413B618771E148527C8F13766D4CA3B50711DAE09CB57A9716C198C,EA4TA-IN80ck,2026-02-14T18:05:49Z,,13399382,4595,[]
IFDT-2351-8184-5400-1710,39090,,network,,BDAD28FC8984E46E0D4571233341E0474DB0DE3B,EA4TA-IN80ck,2026-02-14T04:16:14Z,,13394926,4595,[]
IFDT-2351-8184-5400-1710,39090,,network,,008B7E76B577C7B6,EA4TA-IN80ck,2026-02-14T04:14:46Z,,13394926,4595,[]
IFDT-2351-8184-5400-1710,39090,,network,,A002A711C0,EA4TA-IN80ck,2026-02-14T04:13:46Z,,13394926,4595,[]
IFDT-2351-8184-5400-1710,39090,,sids,,91098C03250E0806410B4FD082C66CCE333A5E18C839CE1ECB12F0B2DAEE101D6BC9C0C843,M7RED-KO96ce,2026-02-06T14:27:50Z,1.0,,,[]
IFDT-2351-8184-5400-1710,39090,,network,,20139B34D06C52E1C07220E30EDD402E1C1CDA875B,EA4TA-2-IN80ck,2026-02-05T16:52:51Z,,13334088,4597,[]
IFDT-2351-8184-5400-1710,39090,,network,,2040C741754B8088,EA4TA-2-IN80ck,2026-02-04T17:26:36Z,,13334084,4597,[]
IFDT-2351-8184-5400-1710,39090,,network,,B4986DCAF5868BAD27CE1301EA4DDD4E55803428EA11E2DAEE45ADAEA87754,EA4TA-2-IN80ck,2026-02-04T05:24:07Z,,13331313,4597,[]
IFDT-2351-8184-5400-1710,39090,,sids,,69D8D323E624B70D01F76A143A79CB5930B5999832C72A1A6CC73478C3,M7RED-KO96ce,2026-01-27T03:37:27Z,1.0,,,[]
IFDT-2351-8184-5400-1710,39090,,network,,40A4,EA4TA-IN80ck,2026-01-26T17:53:16Z,,13283806,4595,[]
IFDT-2351-8184-5400-1710,39090,,sids,,73AAE2652E8511A684272E6E1A30B74EC6EB1F0F29C9A442B44807D5CD1C2497A5A31E1742E148EC1205AC9E40C85F5BA3725EE0C160F7DE2E8ED3C1A89B9F46,M7RED-KO96ce,2026-01-26T14:32:35Z,1.0,,,[]
IFDT-2351-8184-5400-1710,39090,,sids,,6DEF18A68256404D3CEAB020CE5A91273E7683E7AB47F09C0CAC50AD2EBC,M7RED-KO96ce,2026-01-15T17:41:32Z,1.0,,,[]
IFDT-2351-8184-5400-1710,39090,,sids,,C4AF57A47902BBBAC7804E4D238300E70A,M7RED-KO96ce,2026-01-15T04:09:51Z,1.0,,,[]
IFDT-2351-8184-5400-1710,39090,,sids,,3D3BCD5DB0EB819F5101F0A8DE12E16E86F733B2779F28A52C,M7RED-KO96ce,2026-01-04T04:08:06Z,1.0,,,[]
IFDT-2351-8184-5400-1710,39090,,sids,,364611BBAB647DCF82D5B2ED7DA7CDCAE4694F40F84EC648F38388533187B4BBBB234CA753DAA3F9B5D8657B893A3D75AD0963,VU3IPU-MK82sx,2025-12-23T11:54:50Z,1.0,,,[]
IFDT-2351-8184-5400-1710,39090,,sids,,BD2A563D73516228B2917792359276AAF81C11,M7RED-KO96ce,2025-12-16T23:55:56Z,1.0,,,[]
IFDT-2351-8184-5400-1710,39090,,sids,,91ECF9CEFA81710F6D0083D82627D8CDB917E2E6FE73D41434,M7RED-KO96ce,2025-12-15T16:30:18Z,1.0,,,[]
IFDT-2351-8184-5400-1710,39090,,network,,88D00F3D0D611A88F4AA42150055087D87DC6DA7A62150443D2093D41BEA84B2C395C8EE65D634,HS0ZQS_UHF-OK03fu,2025-12-14T10:37:32Z,,12963522,4259,[]
IFDT-2351-8184-5400-1710,39090,,sids,,ECE19BB9DB21CB9DE654C8E47C86007015,M7RED-KO96ce,2025-12-09T01:26:57Z,1.0,,,[]
IFDT-2351-8184-5400-1710,39090,,network,,808BB978CF727449887571EEA8CDCD69FE3372,BEEGND-4-JO62pm,2025-11-30T17:18:36Z,,12840803,1860,[]
IFDT-2351-8184-5400-1710,39090,,network,,8ABC27E9548362CAB84980D3,BEEGND-4-JO62pm,2025-11-30T17:14:31Z,,12840803,1860,[]
IFDT-2351-8184-5400-1710,39090,,sids,,978CB06C79226FD00A766143683A5D9CAB6B86116A,VU3IPU-MK82sx,2025-11-24T23:40:20Z,1.0,,,[]
IFDT-2351-8184-5400-1710,39090,,sids,,F6F26A8A5AB8A76729B782A0C8E7AC9A45B9B401DE82CA8BCAD2162E93CFFE93FE3C422CB810E8888B291508E56032D87CB8583ADE38,VU3IPU-MK82sx,2025-11-24T23:38:44Z,1.0,,,[]
IFDT-2351-8184-5400-1710,39090,,sids,,CD7457299E4FF6170D42A1286AED1D9F74B71A9F02F929584AC6CE2D8ED941E0958102E6,F1SXJ-JN16xc,2025-11-15T17:54:54Z,1.4.2,,,[]
IFDT-2351-8184-5400-1710,39090,,sids,,659F13ED6D7CF5AE30202741B8C6BD2B3802EA4A764D1E698A6CA63D958532A4F438F3B025AD2C,VU3IPU-MK82sx,2025-11-14T12:03:39Z,1.0,,,[]
IFDT-2351-8184-5400-1710,39090,,network,,72DCB6A7F1D8E6325A6208873A9BBA289F9CD1A86D0E,IK3SVW-1-JN65cq,2025-11-04T17:53:16Z,,12673697,4372,[]
IFDT-2351-8184-5400-1710,39090,,sids,,7548CB824E9605471F70733A28D3603CAFE5C21844D142B192867F2E,VU3IPU-MK82sx,2025-11-03T11:58:51Z,1.0,,,[]
IFDT-2351-8184-5400-1710,39090,,sids,,AD354E5D13EE9AE2187E0F83191844471C11893898B4,M7RED-KO96ce,2025-10-30T17:27:03Z,1.0,,,[]
IFDT-2351-8184-5400-1710,39090,,network,,564A7DA27405E19ED71B2B75F0DF902649B4D4F7,Apomahon-KM18ub,2025-10-27T16:07:02Z,,12627063,6,[]
IFDT-2351-8184-5400-1710,39090,,network,,0C2D1FCD71AA92340FAEA0B92E807D1181,aUkHF-JN18cs,2025-10-24T19:31:52Z,,12616584,4236,[]
IFDT-2351-8184-5400-1710,39090,,sids,,E0CA8797D86D8447B1A420DF55AF43508EDDBE5EA3045345560A94055B80A2C0688232C6,M7RED-KO96ce,2025-10-11T03:37:21Z,1.0,,,[]
IFDT-2351-8184-5400-1710,39090,,sids,,FC4096B4A092E7D1257F1DF812A3B5171C271DF2802AC14521F6F4F2D4330548,M7RED-KO96ce,2025-10-01T02:54:55Z,1.0,,,[]
IFDT-2351-8184-5400-1710,39090,,network,,804332CDD786E7F895625F38324F,SM0TGU - VHF UHF-JO89wk,2025-09-22T17:07:00Z,,12427085,858,[]
IFDT-2351-8184-5400-1710,39090,,sids,,971377B8939D5A255CD051624E24EB791D1476BB3861,VU3IPU-MK82sx,2025-09-21T23:52:28Z,1.0,,,[]
IFDT-2351-8184-5400-1710,39090,,network,,3CD2CC56991709CA5BDF399488950A2B41C25B4C6C5E54459677190E38E0016BE70A1285BCDC0C9AD2C074,PU4ELT-GH70qd,2025-09-19T20:54:04Z,,12407372,3538,[]
IFDT-2351-8184-5400-1710,39090,,network,,E0F218B42A82A5AB,PU4ELT-GH70qd,2025-09-19T20:53:00Z,,12407372,3538,[]
IFDT-2351-8184-5400-1710,39090,,network,,C0C3E4,PU4ELT-GH70qd,2025-09-19T20:51:30Z,,12407372,3538,[]
IFDT-2351-8184-5400-1710,39090,,sids,,2D123A78CF8590D1BC695B3767D53E8A76CF3B593A666639849C,VU3IPU-MK82sx,2025-09-13T23:39:48Z,1.0,,,[]
IFDT-2351-8184-5400-1710,39090,,sids,,356E102AA0653726A2D534C496AB4B7F5AE0,VU3IPU-MK82sx,2025-09-02T12:37:30Z,1.0,,,[]
IFDT-2351-8184-5400-1710,39090,,sids,,78D13E71727A75C75101BDF9A5632527C3D539A421C40E3353AFB78116A41B1222740A7882F298EBD96963A0266EEF095AF6204A6FEAA2B71AA3C1C5880E26,SWLJO21JN-JO21jn,2025-08-30T03:55:00Z,1.0,,,[]
IFDT-2351-8184-5400-1710,39090,,sids,,DC0E0DEAED64A47618B4E78AD3CBAA76030A12,IU0JIW-JN61hl,2025-08-28T03:18:14Z,1.0,,,[]
IFDT-2351-8184-5400-1710,39090,,sids,,9D48AAB7F12A38746CED6D89ACA64196CFAAA753F5C8EC08B5,SWLJO21JN-JO21jn,2025-08-27T05:37:24Z,1.0,,,[]
IFDT-2351-8184-5400-1710,39090,,network,,6FC20A1D,F4TNK-UHF-JN23at,2025-08-24T17:56:58Z,,12251840,3762,[]
IFDT-2351-8184-5400-1710,39090,,network,,F06FCE719E807AA4378D6A,F4TNK-UHF-JN23at,2025-08-24T17:55:26Z,,12251840,3762,[]
IFDT-2351-8184-5400-1710,39090,,network,,8E3B,YL3CT-2-KO26iu,2025-08-24T17:52:02Z,,12252176,3953,[]
IFDT-2351-8184-5400-1710,39090,,sids,,70EE7E8B905F0085B1BFB797F532914F948B,M7RED-LO33sr,2025-08-14T01:49:48Z,1.0,,,[]
IFDT-2351-8184-5400-1710,39090,,sids,,B056DE4937016DC846E092000CA7F987A423222E5FBF4007400C6FC6CC3D6A21F01590CCAC0A88422C9C,M7RED-LO33sr,2025-08-12T02:59:02Z,1.0,,,[]
IFDT-2351-8184-5400-1710,39090,,sids,,EBC439A943B0156AED404CCDED259556D8391DCD782D91A35006E9,M7RED-KO96ce,2025-08-04T02:49:38Z,1.0,,,[]
IFDT-2351-8184-5400-1710,39090,,sids,,7AFFF6B02C7E3671390E8AA89C02554C884E56,M7RED-KO96ce,2025-08-03T17:08:15Z,1.0,,,[]
IFDT-2351-8184-5400-1710,39090,,network,,CC715D3F9238634AF2330685EE4147C1B5CBAEACCE698808515718322337B4865C36,Apomahon-KM18ub,2025-08-01T16:44:19Z,,12093196,6,[]
IFDT-2351-8184-5400-1710,39090,,sids,,062E8DA0FC5322409A83DAD273544E99965252E93B5478,IU0JIW-JN61hl,2025-08-01T04:31:29Z,1.0,,,[]
IFDT-2351-8184-5400-1710,39090,,sids,,C1057EAE814C07FA338BB4E6CBF45BB83251,IU0JIW-JN61hl,2025-07-24T04:23:35Z,1.0,,,[]
IFDT-2351-8184-5400-1710,39090,,sids,,DB7A651D7945A3EC92BC180F3D9D88166547FAE53804,IU0JIW-JN61hl,2025-07-21T04:32:42Z,1.0,,,[]
IFDT-2351-8184-5400-1710,39090,,sids,,58624E95DA013AB033093A79603BD5D193C0689ABAE1,XtopheR2cloud-JN18cv,2025-07-13T04:16:04Z,1.0,,,[]
IFDT-2351-8184-5400-1710,39090,,sids,,E409C8F479236B7044E084A4B156696C77E96721901A941C943B27F313F0DA9B20C2C94BE09A42,XtopheR2cloud-JN18cv,2025-06-30T17:30:01Z,1.0,,,[]
IFDT-2351-8184-5400-1710,39090,,sids,,995EE207C26CCD026225BA1AEE5031D8DC771D399B74010FDC7C22DAD1C38486B1C368DA4FCFA55C4703D4B989D57CB0,XtopheR2cloud-JN18cv,2025-06-29T18:03:44Z,1.0,,,[]
IFDT-2351-8184-5400-1710,39090,,sids,,4A4682B0C6EBBD222207B0AE2777C29612B4,IU0JIW-JN61hl,2025-06-29T16:28:26Z,1.0,,,[]
IFDT-2351-8184-5400-1710,39090,,sids,,DD2A56F65CA3A2385546E25A6E0C02F56EE361B54B5A5D2ADB062352CB74D86B,M7RED-KO96ce,2025-06-17T03:20:58Z,1.0,,,[]
IFDT-2351-8184-5400-1710,39090,,sids,,B9DA736D2592BAB476C7A241916C699E99C44D5427B2403146,XtopheR2cloud-JN18cv,2025-06-15T18:13:37Z,1.0,,,[]
IFDT-2351-8184-5400-1710,39090,,network,,63CB803DF53E,F4TNK-EXP-UHF-JN23at,2025-06-14T18:45:26Z,,11767060,3773,[]
IFDT-2351-8184-5400-1710,39090,,sids,,6AE53E1854DB78DEB8A526E2381B483B76C8,M7RED-KO96ce,2025-06-12T14:59:09Z,1.0,,,[]
IFDT-2351-8184-5400-1710,39090,,sids,,68C196431C37291DC9DB8DEA9A7A57D9C2C69A5A52D9ECD91E6A7C0F03606EC0092C913158A3D5DF737375066CB27392073C5DFE2087958051EE85A9340120EA,M7RED-KO96ce,2025-06-12T03:00:19Z,1.0,,,[]
IFDT-2351-8184-5400-1710,39090,,sids,,1111CD7E30493857A7B8CADB513054AFD6DA754CB3BFB5,M7RED-KO96ce,2025-06-01T04:35:59Z,1.0,,,[]
IFDT-2351-8184-5400-1710,39090,,network,,60E5A51CA8AC82,F4TNK-UHF-JN23at,2025-05-25T17:32:37Z,,11657180,3762,[]
IFDT-2351-8184-5400-1710,39090,,sids,,9F06E2B64EB012779689A77692273B091BD2BAD388C99ECED2ED,M7RED-KO96ce,2025-05-24T02:46:57Z,1.0,,,[]
IFDT-2351-8184-5400-1710,39090,,sids,,F2AEFE6D169E48C49450451856E0AB2BCAA2865E6B67D09C18779C9A13805B2CBAA3B76F1EE4A12645E9A4B8E8568A,M7RED-KO96ce,2025-05-24T02:46:50Z,1.0,,,[]
IFDT-2351-8184-5400-1710,39090,,network,,A0789F6CB0671D0CE0E34CD70AD529516C21,F4TNK-UHF-JN23at,2025-05-22T03:51:31Z,,11637457,3762,[]
IFDT-2351-8184-5400-1710,39090,,sids,,7B8B50E51665AAE6A4159B69ABDC0EB23DA879D8B0D073C8,M7RED-KO96ce,2025-05-14T15:41:33Z,1.0,,,[]
IFDT-2351-8184-5400-1710,39090,,network,,64F7DE7C47115E,F4TNK-UHF-JN23at,2025-05-13T17:55:33Z,,11590068,3762,[]
IFDT-2351-8184-5400-1710,39090,,sids,,1FD86246133EADDE98E2869368A8094D763180277B0EC65D6FD7A0,Shanghai-PM01sh,2025-05-07T21:11:01Z,1.0,,,[]
IFDT-2351-8184-5400-1710,39090,,sids,,64B47964E62E0D0D1A57B6E88E723F028C9C46014E83282818,Shanghai-PM01sh,2025-05-04T19:38:50Z,1.0,,,[]
IFDT-2351-8184-5400-1710,39090,,network,,10981B00A33F655CCF03A2FA8E1AD1BF25E9D1,F4TNK-UHF-JN23at,2025-05-03T18:53:56Z,,11530368,3762,[]
IFDT-2351-8184-5400-1710,39090,,network,,8E0144F3,F4TNK-UHF-JN23at,2025-05-02T17:59:52Z,,11523932,3762,[]
IFDT-2351-8184-5400-1710,39090,,sids,,81989B8D9462497CDDA402E7F0EE98E7B418F952CA78,M7RED-KO96ce,2025-04-30T14:03:02Z,1.0,,,[]
IFDT-2351-8184-5400-1710,39090,,network,,40FBC8E15C9CD016B915502572DA9DF632B019,SOBE01 - TURNSTILE UHF-JN89hf,2025-04-27T17:35:34Z,,11492297,3677,[]
IFDT-2351-8184-5400-1710,39090,,network,,BBD495F346DD,F4TNK-UHF-JN23at,2025-04-24T17:52:00Z,,11473013,3762,[]
IFDT-2351-8184-5400-1710,39090,,network,,3078C78DEDB112CE2220D88957C002F941A63D9883C4,F4TNK-UHF-JN23at,2025-04-24T17:46:33Z,,11473013,3762,[]
IFDT-2351-8184-5400-1710,39090,,network,,C0,F4TNK-UHF-JN23at,2025-04-24T17:46:18Z,,11473013,3762,[]
